"2891038201","Bình Triệu"
"3141558631","Trạm Xe Bus Kha Vạn Cân - Ngã 4 Bình Triệu"
"3141558632","Kha Vạn Cân"
"3158098501","Ngã tư Bình Triệu"
"4266835697","Chung cư Mỹ An"
"4451886590","Mát Xa Phụng Thuỷ"
"4950336628","Bến xe Hoàng Long"
"5182537727","Chung cư Mỹ Kim"
"5419306122","Đội CSGT Hàng Xanh"
"6778267067","Nhà Thuốc Khanh"
"8038928686","Thy - Cà Phê Võng"
"8038928985","Cà Phê Ex"
"8038929085","Nhà May Ánh Dương"
"8038982486","Khách Sạn Amura"
"8038982487","Khách Sạn Hoàng Long Sơn"
"8038982488","Đại Lý Gạo Cao Gia"
"8038983786","Cà Phê Be Tone"
"8038996085","Quán Karaoke Như Ý"
"8038997285","Khách Sạn Thiên pHÚ"
"8038997286","Makup Anh Tú"
"8038997287","Mì Quảng Ba Trung"
"8038997288","Cà Phê Milano"
"8038997289","Hải Sản Nha Trang"
"8038997385","Khách Sạn Nguyễn Anh"
"8038997485","Cà Phê Vườn Xưa"
"8038997486","Bún Cá Hà Nội"
"8038997490","Cà Phê Năm"
"8038997585","Cà Phê Đại Nguyên"
"8038997586","Lẩu Dê Thanh Bình"
"8038997588","Tạp Hoá Thu"
"8038997589","Tạp Hoá 36A"
"8038997590","Tạp Hoá Cây Bàng"
"8038997591","Tạp Hoá Hồng"
"8038997785","Cà Phê Phố Đêm"
"8038997885","Tiệm Trà Amura"
"8038997985","Tạp Hoá Hồng"
"8039099387","Cà Phê Pirok"
"8039102385","Bánh Canh Ghẹ 162"
"8039106885","Phở Hoài"
"8039111085","Khách Sạn Hưng Triệu"
"8039114885","Tạp Hoá Trâm"
"8039114985","Đại Lý Hương"
"8039124886","Tạp Hoá Chị Lệ"
"8039126287","Đại Lý Vé Số Phú Lộc"
"8039133586","Khách Sạn Thiên Hồng Phúc"
"8039136185","Khách Sạn Kim Thư"
"8039138985","Quán Ốc 118"
"8039139085","Quán Karaoke Xbox"
"8039145987","Phở Trâm"
"8039148788","Tạp Hoá Nga"
"8039148789","Tạp Hoá Hằng"
"8039151385","Tiệm Phở Hà Nội"
"8039151485","Tạp Hoá Sáu"
"8039151486","Tạp Hoá Thu Trang"
"8039152186","Tạp Hoá Thanh"
"8039164287","Cà Phê Men"
"8039172386","Trái Cây Vỉa Hè"
"8039175985","Tạp Hoá 25"
"8039175986","Tạp Hoá Thuý Hằng"
"8039175987","Tạp Hoá Vũ"
"8039176185","Lượng Giang - Chuyên Đặc Sản Hà Nội"
"8039176186","Quán Ngon"
"8039176187","Tiệm Cà Phê Nguyên Chất"
"8039176188","Tiệm Cơm Gà Tam Kỳ"
"8039176190","Tạp Hoá Thuý"
"8039181685","Nhà Thuốc Tây Số 48"
"8039183886","Quán Đông Dương"
"8039184185","Cà Phê Star"
"8039191485","Tiệm Cháo Lòng 18A"
"8039191488","Quán Cơm Hải"
"8039195685","Quán Ăn Nghĩa Bình"
"8039197785","Cà Phê Anh Thư"
"8039301785","Tiệm Cơm Minh Mẫn"
"8039301985","Bánh Mì Mạnh An"
"8039303085","Quán Bún Cá"
"8041342885","Cà Phê Huyền"
"8041342886","Cà Phê Cây Sung"
"8041361985","Cà Phê Trang"
"8041361986","Cà Phê Tươi"
"8041362185","Mì Quảng Sông Hồng"
"8041385085","Tiệm Sửa Xe Thành Long"
"8041385087","Tạp Hoá Phượng"
"8041391585","Tạp Hoá 62"
"8041391586","Quán Cơm Cô Phượng"
"8041391587","Mắt Kính Điện Biên Phủ"
"8041391588","Cà Phê Nhà Đất"
"8041391589","Tiệm Bánh Canh Chả Cá"
"8041391685","Tạp Hoá Thu Hiền"
"8041391688","Tạp Hoá Kim Oanh"
"8041391689","Tạp Hoá Oanh"
"8041391785","Nhà Thuốc Tây Số 58"
"8041391985","Cà Phê 61"
"8041392786","Biển Quán"
"8041411885","Quán Gà Ta"
"8041412185","Quán Bánh Xèo"
"8041414586","Tạp Hoá Phương Thịnh"
"8041417785","Lẩu Bò Tứ Thanh"
"8041419085","Cà Phê Vỉa Hè"
"8041428185","Cà Phê - Rửa Xe Mai Linh"
"8041428186","Quán Cơm Chay"
"8041428187","Đồ Điện Gia Dụng"
"8041428188","Cà Phê Hà"
"8057347485","Tiệm Bánh Mì Phá Lấu"
"8057353186","Tạp Hoá Năm"
"8057354285","Cà Phê Thi"
"8057357285","Sân Bóng Mini"
"8057357286","Tạp Hoá Chị Hồng"
"8057359685","Tiệm Phở 41"
"8057361886","Cà Phê Trúc Việt"
"8057366885","70290148- cafe cây sung"
"8057371585","Cà Phê Cây Sung"
"8057371586","Quán Cà Phê Hanover"
"8057372985","Tạp Hoá Tâm"
"8057377785","Tiệm Nước Mía"
"8057379885","Quán Ốc Nhớ"
"8057382485","Tiệm Mì Quảng"
"8057382585","Cà Phê Đại Nguyên"
"8057410385","Cà Phê Chơi"
"8057411785","Bánh Mì Minh Thư"
"8057411786","Cà Phê Thiên Thanh"
"9527406371","Công Ty Vận Chuyển - Nhành Mai Mới"
"9585160207","Chung cư Mỹ Long"
"9585160208","Trung tâm Sự kiện White Palace"
"9586916912","Gigamall Thủ Đức"
"9593797938","Chung Cư Opal Garden Thủ Đức"
