"1041863267","SeABank"
"1043717469","VIB"
"1043718134","Sacombank"
"1783222950","YAMAHA Hồng Phúc"
"1783265474","Tiệm vàng Đông Nam"
"1783265477","Tiệm vàng Kim Yến"
"1783265479","Nhà nghĩ Phương Nam"
"1783265480","Tiệm vàng Lê Hạnh"
"1783265482","Nhà thuốc Minh Tùng"
"1783266130","Khách sạn HQ"
"1783266159","Trạm Y tế Cái Khế"
"1783266199","Nhà nghĩ Cẩm Tiên"
"1783266200","TIệm vàng Thảo Lực"
"1783266201","Cty Sevina"
"1783266217","KS. Xuân Giang"
"1783267008","Tập đoàn Viễn Thông Quân Đội"
"1783267653","Nhà nghỉ Cẩm Tiên"
"1796911585","Đình Thới Bình - Tân An"
"5177555814","Ngân hàng EXIBANK"
"5247369418","Phòng Khám Tư Nhân Phương Thảo"
"5247369419","Phòng Khám Tư Nhân"
"5257234328","Phòng khám tư nhân chuyên khoa da liễu Trần Thị Hạnh"
"5261415341","Trung tâm Anh ngữ AMA"
"5263103214","An Lac"
"5279069321","Osaka"
"5445444421","Balo House"
"8496339517","Quán ăn vặt MADAM TRANG"
